id,name,sha256_hash,extension,size,created_ts,inserted_ts,collection_id,description
1,kipkay_iphone_vs_lasers,d5bd4adefa7a0dd5783b1cc93314fcbf40d1bd33e95e714b0fa05141c1a2a8bb,mp4,33903867,2025-11-13T20:52:04+0000,2025-11-13T22:19:01+0000,,This is a YouTube video from a creator named Kit K and it's the iPhone 5 versus lasers and a flashlight. And in the video he destroys the iPhone by burning it with the lasers and then putting the flashlight on top of it. I loved this video when I was in elementary school and I tried to replicate it myself using normal flashlights and I played the same song that it used in the background when I made those videos as well. He just destroys the phone using the flashlight and lasers.
3,rust_note_installer,b2b768aa81acd41cde25cdc4b2a116ff969e1dd49af8b9dd8f577e0d35c47e2a,txt,1308,2025-09-24T11:55:22+0000,2025-11-13T22:24:47+0000,,This is the output from when I used homebrew installer to install the Rust programming language and the compiler and everything and this is the output that it gave that included information on where it installed it on my computer and so on.
9,DSC00726,75293986c109474f138e0f4ff014e552d966e62b49d346ad4b24806b9a4ca040,jpg,17262939,2025-06-23T18:53:42+0000,2025-11-14T04:24:48+0000,7,
10,DSC00727,1c39045f20dfd77e74aab1a10729b28084e4b52c34f5d5772466269d01bdba71,jpg,17079779,2025-06-23T19:36:27+0000,2025-11-14T04:24:48+0000,7,
11,DSC00728,1a60380ea1b7abcbaeed34fb1d32075f8012ee35d454f249e24860af2b013e68,jpg,17119108,2025-06-23T19:36:41+0000,2025-11-14T04:24:48+0000,7,
12,DSC00729,1779b0441d735bf0f3305de55b0a3373c6ae5a02179ea29b16d75d8a0996183f,jpg,18143733,2025-06-23T19:40:02+0000,2025-11-14T04:24:48+0000,7,
15,DSC00788,9b41b15697814de8376e8880e338ddbdbcfd5b96a4e3fe8fb93891df04b19484,jpg,27141761,2025-07-21T17:57:02+0000,2025-11-14T04:27:44+0000,13,
16,DSC00789,b951736b87c0ed2cff9fa08158feba030c0302850af0dabd6cc9333c2c6916f0,jpg,21686561,2025-07-21T17:57:26+0000,2025-11-14T04:27:44+0000,13,
17,DSC00790,10cde6be359f54bd021a7ce5f5bbb28c0620021113d5a09825fa3296142ba9ef,jpg,18075146,2025-07-22T16:37:19+0000,2025-11-14T04:27:44+0000,13,
18,DSC00791,6184f6f51b2469ccdb5c3ee8190bd18c4588c9592ea3a6fbe441539f500e4d94,jpg,17688153,2025-07-22T16:37:29+0000,2025-11-14T04:27:44+0000,13,
19,DSC00792,777a4ec2d357c9035c86f4e0fc56cce9bf234ba3c3abfc739f4b98808944b1cb,jpg,14362215,2025-07-22T16:37:34+0000,2025-11-14T04:27:44+0000,13,
20,DSC00793,711d2140043efcc1fad8fde08f5c731d883fa2a5dfdd0ae9a7057e01e64ad073,jpg,18873378,2025-07-22T16:38:05+0000,2025-11-14T04:27:44+0000,13,
21,DSC00794,f888f44d61df556ed96a90eb8fc2a2cf1c39202846128833330c2857af1f5192,jpg,21226273,2025-07-22T16:38:17+0000,2025-11-14T04:27:44+0000,13,
22,DSC00795,15fb27b3f1550105d7c439e2e65b3a8a811a490aa2ad0871502ae9c871f1d9d6,jpg,20186425,2025-07-22T16:38:46+0000,2025-11-14T04:27:44+0000,13,
23,DSC00796,89ff5d319ac6e09fee49f5323a6f562f993102f5f811f6fddb350961c60fa746,jpg,19296321,2025-07-22T16:52:39+0000,2025-11-14T04:27:44+0000,13,
24,DSC00798,f13e5ea312b047ecc6294aeea9f2e6d8e2dcb5f897ddcbfcbe960b7a3b9fd45d,jpg,18924567,2025-07-22T16:52:57+0000,2025-11-14T04:27:44+0000,13,
25,DSC00799,89d5221cd6649fb079697da7fcdb6fff5e474d9276c1842825818a57fc13cf6f,jpg,26892882,2025-07-22T16:53:27+0000,2025-11-14T04:27:44+0000,13,
28,DSC01557,413a0d2d1a0eac622510af265ee5bbb3b844baece82bfb19167fce91670a7971,jpg,17754520,2025-11-10T19:27:28+0000,2025-11-14T04:29:24+0000,26,
29,DSC01558,d0591e8f137696748e985c8fc622d7a124be095ce89e2c32c29b9a8efa3f88ae,jpg,18823930,2025-11-10T19:27:38+0000,2025-11-14T04:29:24+0000,26,
30,DSC01559,8d4b1ee06cccea2d415b5ff28c66575464e6ae3b54ee9fa00af1ae15541454c4,jpg,17975962,2025-11-10T19:27:44+0000,2025-11-14T04:29:24+0000,26,
31,DSC01560,13447b29f1fbc8b3a7377e2cba04f15e308257dbd09a630fa8372469e944928a,jpg,18550311,2025-11-10T19:27:51+0000,2025-11-14T04:29:24+0000,26,
32,DSC01561,e58077dd5cc5418db365e2933b6316745cb72dcb74f231be99d8b4d447eca2e9,arw,35999744,2025-11-10T19:28:28+0000,2025-11-14T04:29:24+0000,26,
33,DSC01561,cb0bab4fdaef82f50c377ca1529c8ef958d507190bcb1db4911f1dd15ad86533,jpg,17832509,2025-11-10T19:28:28+0000,2025-11-14T04:29:24+0000,26,
34,DSC01562,1687c082eed23855d39861ce9f85701923bbaa8a24a5046befab3f85adc939c7,arw,36003840,2025-11-10T19:28:31+0000,2025-11-14T04:29:24+0000,26,
35,DSC01562,c0678d5d689c0e267e6270eb5f2316fd5f9fd13685fa1e966739b8103095f813,jpg,18449439,2025-11-10T19:28:31+0000,2025-11-14T04:29:24+0000,26,
36,DSC01563,6a1c758fdf03ae09f606ba27037f369cabc8b895ecde2126f02ab404694e81d6,arw,36212736,2025-11-10T19:33:25+0000,2025-11-14T04:29:24+0000,26,
37,DSC01563,299400ebffa32ce5f6a4e0a51064ceb03a41288115f80a3ad9c06858ff42c3e1,jpg,18490964,2025-11-10T19:33:25+0000,2025-11-14T04:29:24+0000,26,
38,DSC01564,902bbb58281b607b5ceae02c020a123ed33a37029fff3437d92a8cf2055f5514,arw,36241408,2025-11-10T19:33:31+0000,2025-11-14T04:29:24+0000,26,
39,DSC01564,0693ea479a6ef1d2e86cd0f9b972f6fb11f0b40d1e66efb104067f43d7d94bc7,jpg,18536012,2025-11-10T19:33:31+0000,2025-11-14T04:29:24+0000,26,
40,DSC01565,4645300d46a5ec39816998d2228a7b837060af62e3e29dc33ffd68a03c0f365c,arw,37834752,2025-11-10T19:37:52+0000,2025-11-14T04:29:24+0000,26,
41,DSC01565,6d78376a903758f16e1edede9b7252d5e0258498881daad21e1b49a71e1ac9a2,jpg,22662755,2025-11-10T19:37:52+0000,2025-11-14T04:29:24+0000,26,
42,DSC01566,37a73dbfa18355db96233990ed3b13920efc9a76223518f337ffd7484a621b38,arw,36966400,2025-11-10T19:38:07+0000,2025-11-14T04:29:24+0000,26,
43,DSC01566,d89a40e0c172f0428f204252c09f60f0c3d7731a4d950943cdb52c48a95d4b34,jpg,20331333,2025-11-10T19:38:07+0000,2025-11-14T04:29:24+0000,26,
44,DSC01567,4ef3558a23bf8625b81184a995f2565c12433614d5e47ac24447c437deed96a1,arw,35622912,2025-11-10T19:40:57+0000,2025-11-14T04:29:24+0000,26,
45,DSC01567,38017c2a4604d6cb0c768b87c1c39380e5d778fd06e5f61853f4d08bfd6f6a12,jpg,19297469,2025-11-10T19:40:57+0000,2025-11-14T04:29:24+0000,26,
46,DSC01569,5d58ab3ccc6597a8543403813eec8abdd328a984ead691856c97a66e61971c14,arw,36122624,2025-11-10T19:41:12+0000,2025-11-14T04:29:24+0000,26,
47,DSC01569,45117b7274a03685c1524ba88283d60b95cfd6dfc4ef972318ec3dd8a22caba6,jpg,20550071,2025-11-10T19:41:12+0000,2025-11-14T04:29:25+0000,26,
50,DSC01552,4da17c462b1ddc784a2dada57f2d5dd962ba2227d97f38654c0e11f79a6ef689,arw,39452672,2025-11-08T21:26:23+0000,2025-11-14T04:31:23+0000,48,
51,DSC01553,3b2ffc8b67f2fa925932124003a01aa17f59c1379300b7acebf5675eede868ce,arw,37474304,2025-11-09T17:17:31+0000,2025-11-14T04:31:23+0000,48,
52,DSC01554,6bc012a5c8fd538663742f65d93d74920090b6614a6ab14eaf099383154cb066,jpg,16660950,2025-11-09T17:18:02+0000,2025-11-14T04:31:23+0000,48,
53,DSC01555,054611777ad9c26d14f3fa178503a9206d94904a0e395e73d65d3252325b4962,jpg,16310270,2025-11-09T17:18:44+0000,2025-11-14T04:31:23+0000,48,
54,DSC01556,63f9db146e21553a438107c0134425b0b4504d716c728dbfcd5c685a8aaaa97e,jpg,19732363,2025-11-09T17:18:55+0000,2025-11-14T04:31:23+0000,48,
57,250628_0109,fe065bc591827bcaed0dc393e9c491dfc152208fda43f9377b55b54fc1ed3274,wav,128637952,2025-06-28T09:09:32+0000,2025-11-14T04:40:38+0000,55,
58,250628_0355,eeb0fbc10b77e30ba07bb243a9492f4413322b84d9aa1fd2f7ed9507f6d3c610,wav,62291216,2025-06-28T11:55:14+0000,2025-11-14T04:40:38+0000,55,
59,250628_0404,7041f8aee8cb9ae44c7436093e937e87d134f700fd25db893fab7a897b580781,wav,13136896,2025-06-28T12:04:02+0000,2025-11-14T04:40:38+0000,55,
60,250628_0408,a32af9a25cb8a826a013be8a4d55b23c8601d67c62340307d9d4902b593a4aa4,wav,5545984,2025-06-28T12:08:46+0000,2025-11-14T04:40:38+0000,55,
61,C0159,a6de6f5c1fd2236052a9d39f5a7ce1a2f58b2673a0c1b8e78c6728311e846e12,mp4,671247468,2025-06-28T22:05:47+0000,2025-11-14T04:40:39+0000,55,
62,C0160,b59a65302561521b7344ed2595b080ae16811f609347ed3f41ec79bde8768d73,mp4,402805578,2025-06-28T23:10:11+0000,2025-11-14T04:40:39+0000,55,
63,DSC00750,a926a1c07d4db1826b419d36624d6fb1a210898cccc710c511a1448bb2135e17,jpg,24520473,2025-06-28T19:26:03+0000,2025-11-14T04:40:39+0000,55,
64,DSC00751,d41859ab1ef900157ef28373eb09e287372a55aa003f107b00e939e2e7fe5d8e,jpg,22405088,2025-06-28T19:27:30+0000,2025-11-14T04:40:39+0000,55,
65,DSC00752,687a7132490e05966ebd6a4365102ca27629f31a7ccced49d1e2bb7052bace17,jpg,16037679,2025-06-28T20:10:55+0000,2025-11-14T04:40:39+0000,55,
66,DSC00753,1d38750262e2e49054829c5ef65c46fe8534e50d4093f7612d28e182c4e3f9bf,jpg,16816494,2025-06-28T20:12:13+0000,2025-11-14T04:40:39+0000,55,
67,DSC00754,f6c0c7f7d0426ba31df1381858cd41a3c890160b39cc8aa26cbe4414d2d94f50,jpg,17143534,2025-06-28T20:14:10+0000,2025-11-14T04:40:39+0000,55,
68,DSC00755,fcea6f93b692eba6f280182944641df9aa83310d0e6bb27ac6a2ab52e51bc209,jpg,15646265,2025-06-28T20:14:12+0000,2025-11-14T04:40:39+0000,55,
69,DSC00756,30abae13593e50f600ffe17c76d4c3dc87c032b6b117a7c0c74440830f70558e,jpg,23228471,2025-06-28T20:14:48+0000,2025-11-14T04:40:39+0000,55,
70,DSC00757,46e990e5afc1d1223bbc32be71f723ba8d731bdf645ce1300cc9aae671d65abb,jpg,19169838,2025-06-28T20:15:05+0000,2025-11-14T04:40:39+0000,55,
71,DSC00758,685b13ea1bd2b6d0e39a6abf2491ae762d96ddd1d58b7a87158e58adf998e79f,jpg,18965859,2025-06-28T20:18:11+0000,2025-11-14T04:40:39+0000,55,
72,DSC00759,e002a1a227d9985e668b3e3ac66755cee63908e7f5df2e852bcaa99b65eb8dee,jpg,16110977,2025-06-28T20:18:21+0000,2025-11-14T04:40:39+0000,55,
73,DSC00760,065e27de069e13fee83bd19c15df395d8dc620d41c59c9b1d860a4072013a5e2,jpg,15606652,2025-06-28T20:22:58+0000,2025-11-14T04:40:39+0000,55,
74,DSC00761,a7d73127e42941075cd4a4eee5de38b55ef8d229cfb25f571f83d6b411b282ba,jpg,16690417,2025-06-28T21:53:23+0000,2025-11-14T04:40:39+0000,55,
75,DSC00762,298a822d60bc0f74269c604b7b5f94950a38335e96895de705ed6de135ceab23,jpg,15379409,2025-06-28T21:53:30+0000,2025-11-14T04:40:39+0000,55,
76,DSC00763,3d9b04d8b4a395ea29ff81a4fb2a2887d7a5859dab197da573f49ae11e1316ea,jpg,17192904,2025-06-28T21:53:45+0000,2025-11-14T04:40:39+0000,55,
77,DSC00764,02de906eedf52f580d2455147c2225260ab868efd9172f103f56baa0fbc2020d,jpg,13778888,2025-06-28T21:54:12+0000,2025-11-14T04:40:39+0000,55,
78,DSC00765,efbd0322ea1ec0506d6bc0a177aebcc11602745a76344e962795ee2d8f8748de,jpg,22370254,2025-06-28T21:54:23+0000,2025-11-14T04:40:39+0000,55,
79,DSC00766,749d721d69e565e912e0e13ecf83737ee7b07d04fa259f741b0ff106ce3667c8,jpg,19035936,2025-06-28T21:54:26+0000,2025-11-14T04:40:39+0000,55,
80,DSC00767,930ddc7413ebf8e15eda5a884657be30cf6bbb84bb3686a0978185cf406fc827,jpg,15298028,2025-06-28T22:56:52+0000,2025-11-14T04:40:39+0000,55,
81,DSC00768,46f3a96f9748fe6899c3dc0e08f67a4699d90212badef5ee6563b030336924bc,jpg,18778557,2025-06-28T22:57:48+0000,2025-11-14T04:40:39+0000,55,
82,DSC00770,20b96330cf0a487cdc2e3c363a3810eb9530cf4164be5f3ac074c5747ab31dc2,jpg,18821436,2025-06-28T22:59:24+0000,2025-11-14T04:40:39+0000,55,
83,DSC00771,f53a6ab09c458f670b6b287569fcb6b00c8454d0f3b87f819ca9e83bba40c4f9,jpg,17931204,2025-06-28T23:00:05+0000,2025-11-14T04:40:39+0000,55,
84,DSC00772,d41d2990b387ef8b4e5f2edf30fa744e859cf2f055299d2a187c1af2e9bb1338,jpg,23905691,2025-06-28T23:01:09+0000,2025-11-14T04:40:39+0000,55,
85,DSC00773,d2dbeb515b8271ecd9e6b852207661774dece42894c9899a53af8b06905407eb,jpg,24222586,2025-06-28T23:01:35+0000,2025-11-14T04:40:39+0000,55,
88,DSC01515,526eb59c4c5aac446deb85607a0e30034f51ddd6705e5efc3cdd8bc125edbbb3,arw,33234944,2025-10-22T19:36:51+0000,2025-11-14T04:42:15+0000,86,
89,DSC01515,469f3f9be627570d3f6d91c98e3785649d5612301beed6b802693624c6cd48db,jpg,15792899,2025-10-22T19:36:51+0000,2025-11-14T04:42:15+0000,86,
90,DSC01516,e777d3bc80753cd556692886fc72b576bb7079892a91a4d3a272785d34f55f4d,arw,33095680,2025-10-22T19:37:23+0000,2025-11-14T04:42:15+0000,86,
91,DSC01516,6a5178890573fa3ff9a8a803dc4f3a46bfe7926967cdc18a669a6efb8601145d,jpg,16208586,2025-10-22T19:37:23+0000,2025-11-14T04:42:15+0000,86,
92,DSC01517,8a89de3900fc71d4591c0b9895e9347189ed38c2ed8f4dd35d331a29a4cad3a0,arw,33042432,2025-10-22T19:37:49+0000,2025-11-14T04:42:15+0000,86,
93,DSC01517,fea129a22f0ecb15905f8b77d3f4f4735ac680794915770a25ec199e6931fdee,jpg,15679403,2025-10-22T19:37:49+0000,2025-11-14T04:42:15+0000,86,
94,DSC01518,2c252228e57ce333e7fb3c0eb78042468ebcf699c9c8d9bea249d9b13841081f,arw,32997376,2025-10-22T19:37:56+0000,2025-11-14T04:42:15+0000,86,
95,DSC01518,41000bad87a1ad22831c084c4b100b38e5601e6a77fc348c7c121f16efe631fb,jpg,15876339,2025-10-22T19:37:56+0000,2025-11-14T04:42:15+0000,86,
96,DSC01519,733bc26481bd2c6814771f930bf39d850727bb4d16740b4cb4ca3dab8df3a29b,arw,32862208,2025-10-22T19:38:08+0000,2025-11-14T04:42:15+0000,86,
97,DSC01519,44dffbbe829003022d94f09cc3797df781b8291fb54d439c00f5543d093383f4,jpg,15881875,2025-10-22T19:38:08+0000,2025-11-14T04:42:15+0000,86,
98,DSC01520,20feca368ca84d402ee84b241d1a028c2b8a78108a4d5f9708e611ad25c5c532,arw,34508800,2025-10-22T19:41:13+0000,2025-11-14T04:42:15+0000,86,
99,DSC01520,6fcbce93cd448099dcbce2a6dccb22b0c048802dc607a6a5e964573cf291fb7c,jpg,17707267,2025-10-22T19:41:13+0000,2025-11-14T04:42:15+0000,86,
100,DSC01521,6b0f65c822a3a1ae0f7b3af822b024ea3d830610e8705cc8fc5a3ed648adeaf7,arw,34017280,2025-10-22T19:41:31+0000,2025-11-14T04:42:15+0000,86,
101,DSC01521,a3d1876488caf356766610b68f695e5f59fc0a6f00502753cc45c9acf65a1fb3,jpg,18226836,2025-10-22T19:41:31+0000,2025-11-14T04:42:15+0000,86,
102,DSC01522,cd58173713724a70a002c74aed70d7eff6cd5a98c066300474c653004df240e4,arw,34091008,2025-10-22T19:41:31+0000,2025-11-14T04:42:15+0000,86,
103,DSC01522,c03ca231535a7d0a4c179810b242e03f1910a7eb7e424f893dd7133c29e75921,jpg,18281309,2025-10-22T19:41:31+0000,2025-11-14T04:42:15+0000,86,
106,250830_0330,177b3f60078d1d01d538a92820eadd43a623b956ae48cccc5de5ce99b4747e15,wav,53832704,2025-08-30T11:30:58+0000,2025-11-14T04:48:30+0000,104,
107,250830_0337,6cf643e00918b49b52f75acd2b2ae61dbb8b764ee67cab05e7e6524c52e7b8f2,wav,86051840,2025-08-30T11:37:20+0000,2025-11-14T04:48:30+0000,104,
108,250830_0348,70b0b282714dbd1ed712e215d4943b4c0bee0be3d69a94b15dad848eb9523b91,wav,92156928,2025-08-30T11:48:20+0000,2025-11-14T04:48:30+0000,104,
109,C0165,b93a725320fa30d7ceb3f04cddd71314a5b8165ed1dd1a7f6cb5e1b2eb153eae,mp4,469916215,2025-08-30T22:30:44+0000,2025-11-14T04:48:31+0000,104,
110,C0166,28c47839367866148f759c6b5f98a1b4184abeef348945f99b73d2727d803b3f,mp4,4160991979,2025-08-30T22:37:40+0000,2025-11-14T04:48:33+0000,104,
111,C0167,50e033192e489514e86f7b2dbdbbb928fde1760a9181c18b8689fafbe506b22e,mp4,6308537793,2025-08-30T22:47:03+0000,2025-11-14T04:48:37+0000,104,
112,C0168,57810b34f9a4815d2996b1e33232cc61439868ea5c6b2c4840035000ca437f4b,mp4,1745014276,2025-08-30T21:52:31+0000,2025-11-14T04:48:41+0000,104,
113,C0169,e31f8241ad006bf5a3a2fdbfbf7331070b95a35904fb8a4b3732ce05e5a1660c,mp4,4093880343,2025-08-30T22:58:27+0000,2025-11-14T04:48:43+0000,104,
114,C0171,6a7327ff86120203d540f3f72459a1068bc0d3e864c52ce87f8497938803c569,mp4,1006800063,2025-08-30T22:47:36+0000,2025-11-14T04:48:45+0000,104,
115,DSC00829,591c18ca4e78537ec767bba46814e29149d16401cc985c4d20a454f497d76951,jpg,16150661,2025-08-30T22:30:00+0000,2025-11-14T04:48:45+0000,104,
116,DSC00830,9a36d12484134be814fbfd4e3d22a37b4881254e46e553e1584100f1349f1aee,jpg,16368491,2025-08-30T22:48:21+0000,2025-11-14T04:48:45+0000,104,
117,DSC00831,2ed0008faea7a3cda55345946a469adc7a2c7ab39f5d51d5224cdcbda45809a7,jpg,17796300,2025-08-30T22:48:42+0000,2025-11-14T04:48:45+0000,104,
118,DSC00832,2ce6209cb570e36181eb3d1a8dfca93bf36f8110337e001f381b7a8d3db1ed8d,jpg,15475622,2025-08-30T22:48:49+0000,2025-11-14T04:48:45+0000,104,
119,DSC00833,cf65eefc5a3485297bffc30433dca06ecabed016cfaca96704780c556371ced1,jpg,17310694,2025-08-30T22:48:59+0000,2025-11-14T04:48:45+0000,104,
120,DSC00834,5463618d1e196d96570b0acded3cd7d4d30a153b494c40e9e2f65e5131da562c,jpg,18614280,2025-08-30T22:49:23+0000,2025-11-14T04:48:45+0000,104,
121,DSC00835,f7774f0c682d9a8abbe9e015023f9aa27a4e6e262d6598dc88f303d3ec85a716,jpg,17990458,2025-08-30T22:49:27+0000,2025-11-14T04:48:45+0000,104,
122,DSC00836,de996417bec34211fab6e0d546db88c8798659671416ec98b6a7ab7279d6a060,jpg,17115299,2025-08-30T22:49:37+0000,2025-11-14T04:48:45+0000,104,
123,DSC00837,b5dc4213a20e761f97ad27a2fb9c3a43eaabd302faf2ae01d9bb0cf40ff76f53,jpg,17710356,2025-08-30T22:49:48+0000,2025-11-14T04:48:45+0000,104,
124,DSC00838,a0b5060898343ede60bff3dad72e7edc87155d4659ba813c3b456804aa03f116,jpg,15629361,2025-08-30T22:50:00+0000,2025-11-14T04:48:45+0000,104,
125,DSC00839,a16e0dd134af34b66135ccc2da072badc37cda5afbcc05e5dec7a858bcf288bc,jpg,15796997,2025-08-30T22:50:10+0000,2025-11-14T04:48:45+0000,104,
126,DSC00840,1a0d887f637303f9985f9171be9b568731e98dff4d62958393772154984b66e1,jpg,19586265,2025-08-30T22:52:46+0000,2025-11-14T04:48:45+0000,104,
127,C0191,f7ed8e233b4c7d659febc63787bee16450e80e3b29b63854696a12511f472ff4,mp4,3557051594,2025-11-10T19:20:51+0000,2025-11-14T04:51:17+0000,,This is a video of me riding my unicycle over to the Walmart neighborhood market. I'm going from my home to the grocery store on my unicycle and I record the adventure on my unicycle as I go down the street and arrive at the grocery store.
129,C0200,2dd7ccb2d47cd557b555638ae78d2de0ff0d519b8c20681430a30184d83a5424,mp4,473971854,2025-11-15T19:26:14+0000,2025-11-22T16:51:46+0000,312,This is a video of us in the Vienna airport arriving for the first time and collecting our baggage.
131,C0201,196f8de981d01e5d48032fdd7f8bb3891419d8b6e862fb06e27b5846d9fad4ca,mp4,478166466,2025-11-16T05:01:37+0000,2025-11-22T16:53:04+0000,312,This is a video of the spot I had in my relative Parastou's house in Vienna when I went to visit. It shows the bed that I was sleeping on during my visit.
133,251115_1003,d87fafe9d72601f9633d63d7b3ff0200e087afe60f895065ebb1d11b27cb945c,wav,84745280,2025-11-15T18:03:40+0000,2025-11-22T16:55:14+0000,312,An audio recording of the Austrian Airlines flight from Munich to Vienna. The mini-airplane had some cool sound effects and was very loud.
135,C0203,c5a5919fdd286aa765f246d4dd58e24248090e02c0dc2d3e2fd14807d24f2a57,mp4,612387239,2025-11-16T08:05:47+0000,2025-11-22T16:56:25+0000,312,"A video of a local park that I visited in Vienna, it was near my Aunt Peristou's house and I showed the park and the surrounding area in the video."
137,C0204,b896fa929121b2cc227dd0cf9b2125d69b1fd37ff39e6947574edf71525d7029,mp4,704664502,2025-11-16T12:17:57+0000,2025-11-22T16:57:23+0000,312,A video of my family members and I in the metro station in Vienna. I show us getting tickets in the station.
139,C0205,812ff31fdbc9965e46bbe5f091f0871daefd0a2c34122cb469a4101f3212a631,mp4,859857370,2025-11-16T06:40:14+0000,2025-11-22T16:58:07+0000,312,A video of a family gathering that we had at my own Paris student's house in Vienna. It was my first time meeting a lot of the family members and we were all over for dinner. I show most of the people who were there in the video.
141,C0207,a6c90052671a5b638ea7cf84c3208a3b81ebbd8a8ed448771eb07b467c70c3b5,mp4,1757461754,2025-11-17T11:33:03+0000,2025-11-22T16:59:37+0000,312,A video of me showing the train in Austria. This was the train coming from Graz to Vienna. And I show the interior of it with the seats and my computer setup.
143,C0208,fb662f853a1532697af75595a39a194af145afa1b8885ba511141c4c36964d21,mp4,981495114,2025-11-18T08:06:28+0000,2025-11-22T17:00:18+0000,312,A video of me in Vienna with my mom and her cousin Waffa. We were walking in the night time to get to an Italian pizza restaurant that was about a mile's walk away.
145,C0209,74b58ee518a2e926eebb153e53646e93e94818f1d7d84049d040ad79bfc2d3a7,mp4,612387430,2025-11-18T10:26:13+0000,2025-11-22T17:00:54+0000,312,A video showing the Italian restaurant that we were at with my family in Vienna. It shows my family members and the surrounding area of where we were sitting.
147,C0210,cc6f06ad9a5e94030233a00da889d90c3c1c192230e9bad7d8d2bea7fdb381c9,mp4,364917297,2025-11-19T08:58:31+0000,2025-11-22T17:01:34+0000,312,"A video showing a neighborhood street in Vienna, which shows the cars passing by on the street as well as the buses."
149,C0211,a043e2f1d2842aecd2f205e95ff125992091fe44be85b445c28b360188b65023,mp4,1111522234,2025-11-19T09:18:17+0000,2025-11-22T17:02:12+0000,312,This is a video of a neighborhood street in Vienna. It shows buses and cars passing by as well as the nearby Karl Marx Hof Park and stations.
151,C0214,f109ed8f232708fbbfece237060394885ed4a7a63dac0fe55bd3c891653d3be4,mp4,167780081,2025-11-19T14:54:25+0000,2025-11-22T17:02:43+0000,312,This is a demonstration of a creative bathroom door mechanism that we found in a coffee shop in Austria. It was the city of Thule. And it shows a coffee maker style item hanging from a rope that opens and closes the bathroom door. And my mom shows it working.
153,DSC01608,0815f51d1bba4a91541df59d1f5d6088af31df119c068cfd6a43f61cb5740cd7,arw,20780032,2025-11-15T03:24:10+0000,2025-11-22T17:06:41+0000,312,"This is a photo of my grandfather, Baba Farazin, at the airport terminal. He had lost his phone and he's talking to the TSA worker about it."
157,DSC01609,91e5f9a9a8cc2bedfdce6e7eb50b03a49c9c032664cf1b84f301b1918074e6c7,arw,20861952,2025-11-15T03:24:19+0000,2025-11-22T17:10:14+0000,155,
158,DSC01610,4b8f7307eb5e5531f077c68c579935c462d807e65b563b147dc5021e27914879,arw,20853760,2025-11-15T03:24:35+0000,2025-11-22T17:10:14+0000,155,
159,DSC01611,d6d7c38ac83ae252fbf4bbcf91bb7a6ff18b832640f22ce05e8d3f38b8c8acf5,arw,20608000,2025-11-15T06:03:14+0000,2025-11-22T17:10:14+0000,155,
160,DSC01618,57bb29d695fcb32af7806f52c3033e59b19803c92a9c87e79e8d67a5ae4c7067,arw,20636672,2025-11-15T09:28:02+0000,2025-11-22T17:10:14+0000,155,
161,DSC01619,a4875f510e43670d2bcb015f01a6c4afa734fedaae0050fc3007d6041b9c60a6,arw,20665344,2025-11-15T09:28:17+0000,2025-11-22T17:10:14+0000,155,
162,DSC01620,0662466b217637a8407830673d42d2e13ef1d49bd02b6d81b5de9492de896ba3,arw,20694016,2025-11-15T09:32:51+0000,2025-11-22T17:10:14+0000,155,
163,DSC01621,d9e586b79e4d36c08b42548e1662df0aa6a4adb6d17d795aa49123c891d40aa3,arw,20689920,2025-11-15T09:33:18+0000,2025-11-22T17:10:14+0000,155,
164,DSC01622,35d6a528e81b2959b808ad32a818fdbb0de6190ff3fb855fc8019a52efedfce6,arw,20730880,2025-11-15T17:45:13+0000,2025-11-22T17:10:15+0000,155,
165,DSC01623,dc4f140f236b764259e4e50a2b6a515a8fef42aafaf7b628771eacff02587c82,arw,20710400,2025-11-15T17:45:15+0000,2025-11-22T17:10:15+0000,155,
166,DSC01624,d6b1c839cbf7dc1c27c2062129ed51c61f1ac356c12526883281fe9254d10cbb,arw,20546560,2025-11-15T18:07:29+0000,2025-11-22T17:10:15+0000,155,
167,DSC01625,1dae2a272e7175414944f6ab73915eeacef95f0e6c900bdee003a217df02a34c,arw,20550656,2025-11-15T18:07:35+0000,2025-11-22T17:10:15+0000,155,
168,DSC01626,8caf1e7e1472609ed59ec36f5c48fc4a40b23c54e6068d45e08517a091acebf1,arw,20550656,2025-11-15T18:07:40+0000,2025-11-22T17:10:15+0000,155,
169,DSC01627,e2e2645e1c042878a1f77bb3c905cd0ac2b733a7709070a7aa607eaa20e3201a,arw,20579328,2025-11-15T18:07:48+0000,2025-11-22T17:10:15+0000,155,
170,DSC01628,5851d479b80770032e3fc6e6ebd6eb1d1e9a635425dbfffec0cfc45cceff12c1,arw,20915200,2025-11-15T19:25:33+0000,2025-11-22T17:10:15+0000,155,
171,DSC01629,92c3e31a69a920c2e3d41d81664c90ab8a8e94b8df31ff97337b84e16d04bd77,arw,20796416,2025-11-15T19:25:39+0000,2025-11-22T17:10:15+0000,155,
174,DSC01663,cfecbf51d53171404559ca05bff8779d08a839a7b12fd1b678363ccc5a37fd7f,arw,20780032,2025-11-16T15:05:33+0000,2025-11-22T17:15:22+0000,172,
175,DSC01664,eda375620811d4a85fa6f11494bdc955f195c10ff8dc84e8a8ee4f335ad9ff38,arw,20771840,2025-11-16T15:05:42+0000,2025-11-22T17:15:22+0000,172,
176,DSC01665,589f607db4cb2f1369dd2c5d737350faa2ddeea9c94c5d36ae62711c3bdab1b9,arw,20808704,2025-11-16T15:05:45+0000,2025-11-22T17:15:22+0000,172,
177,DSC01666,5281a1822ef943dc97632543923b96ccd8cbadd93db64cd2e62e0650fe17edbc,arw,20702208,2025-11-16T15:05:50+0000,2025-11-22T17:15:22+0000,172,
178,DSC01667,5ad3dcbc19294e3b775e5b8c55568cf5c069122867e57eb1aeb5887fd1dbf7d0,arw,20718592,2025-11-16T15:37:14+0000,2025-11-22T17:15:22+0000,172,
179,DSC01668,86542415d3a9aedc8a9b913b3a7238570e61ea0177d577ae40846325b4dc472e,arw,20722688,2025-11-16T15:37:24+0000,2025-11-22T17:15:22+0000,172,
180,DSC01669,93b66054931efc5ba0a589bdea76a73bb29e7ce50982f03f81e2ee19c03d28b9,arw,20784128,2025-11-16T15:37:49+0000,2025-11-22T17:15:22+0000,172,
181,DSC01670,a476be0b9b6c5285797592267c1aa5ab5ee4d6c8f7ac9c07825f48409b4882cb,arw,20751360,2025-11-16T15:37:54+0000,2025-11-22T17:15:22+0000,172,
182,DSC01671,c5ac0e03dc91138761979e770b3975be749d034a01cf0d210a65e25dc5c212bf,arw,20792320,2025-11-16T17:13:17+0000,2025-11-22T17:15:22+0000,172,
183,DSC01672,5b54675a9cd963778a181e5646d43676e7bd63e6f04926a2587097589ec6414b,arw,20825088,2025-11-16T17:13:21+0000,2025-11-22T17:15:22+0000,172,
186,DSC01673,5ccf272ff68577edd57a924a025bf96c5178465fe2a18e73fca01a2738d7fa81,arw,20808704,2025-11-17T04:51:18+0000,2025-11-22T17:21:12+0000,184,
187,DSC01674,2d85a474cdf3c563b9dcf587b4738ec078e1271e1f37f9afb493a855b59e87ff,arw,20759552,2025-11-17T04:51:23+0000,2025-11-22T17:21:12+0000,184,
188,DSC01675,79553cc2cd62f8ad964d6ffa212275f209e2ae6f1ef4a288df5758e612b18d54,arw,20694016,2025-11-17T04:52:56+0000,2025-11-22T17:21:12+0000,184,
189,DSC01676,43b7a4f5f1261a9a106252f650e89197416c4b77e2dc436a5efba87c46ef80bd,arw,20644864,2025-11-17T04:53:10+0000,2025-11-22T17:21:12+0000,184,
190,DSC01677,b53a319aca750f3c00ee0603a538984a3f7c9a3fe9be14297a048e39cba3281d,arw,20866048,2025-11-17T05:17:27+0000,2025-11-22T17:21:12+0000,184,
191,DSC01678,d38aed96526380084f5e86c42073a6865fffa09849400e233f478e8cfc2b4473,arw,20825088,2025-11-17T05:17:37+0000,2025-11-22T17:21:12+0000,184,
192,DSC01679,d07967cb9cb054d60d557b67aff9d010758c252a714e741c0c928ac5cba05816,arw,20907008,2025-11-17T05:17:54+0000,2025-11-22T17:21:12+0000,184,
193,DSC01680,4aef7c67d06f5a8e367ba2e99b0983774f9ef5c76d5952ae7abb062221d2ed77,arw,21087232,2025-11-17T08:10:45+0000,2025-11-22T17:21:12+0000,184,
194,DSC01681,7e1d8c0fed7d1c4a646fd153a60dd636029c78f9a03dca26b79c169d636825ab,arw,20882432,2025-11-17T08:11:18+0000,2025-11-22T17:21:12+0000,184,
195,DSC01682,5dada34f54971d30cc1a2903e25df22824c69cc8f2c0b5aef6e781f27155e5ff,arw,20706304,2025-11-17T08:14:38+0000,2025-11-22T17:21:12+0000,184,
196,DSC01683,70802a8e99b3c05ea9cca6de19a45c7a2e8cb7ea0e40b3b62a5ce49e4bffaa27,arw,20800512,2025-11-17T08:15:03+0000,2025-11-22T17:21:12+0000,184,
197,DSC01685,cadfd15659c59fd0c23c0c4f0aba6b9176c3ab2192c7ff650c178e2c6b14037f,arw,20894720,2025-11-17T08:42:13+0000,2025-11-22T17:21:12+0000,184,
198,DSC01686,f7a84cf047cc1bb72ab1e1a705e6605e414540c9ff7c092bab7e00e9ec891331,arw,20894720,2025-11-17T08:42:25+0000,2025-11-22T17:21:12+0000,184,
199,DSC01687,449cb5386d3737d024648e552cfdaed1c4d3013d04a8a92ddf82311365fb619f,arw,20820992,2025-11-17T10:32:43+0000,2025-11-22T17:21:12+0000,184,
200,DSC01688,c0c5c404dd87684a728d666448ba6633597e806d3985d4dfa34e80899dd40037,arw,20870144,2025-11-17T10:32:44+0000,2025-11-22T17:21:12+0000,184,
201,DSC01689,e202871780cf528a4638eb7d228ecb88da288fcfc08978d5fe9f3a84e660569f,arw,20771840,2025-11-17T11:08:06+0000,2025-11-22T17:21:12+0000,184,
202,DSC01690,724e48089f4fdaafed5d153847a3a1192482daf046855b7703d757b32cd84992,arw,20812800,2025-11-17T11:08:07+0000,2025-11-22T17:21:12+0000,184,
203,DSC01691,05c0795e7ee49a77b136a1c12fc07b1d947c0d4abc22e6cb4e53b9f4ce85a392,arw,20767744,2025-11-17T11:08:11+0000,2025-11-22T17:21:12+0000,184,
204,DSC01693,7e1f2e4411eec2567758af2673c0ed5afe0a05259b23aee9dc6c799ca441c70d,arw,20796416,2025-11-17T13:18:22+0000,2025-11-22T17:21:12+0000,184,
205,DSC01695,9dd66d2ffb888b3aa248df7f25557eee61c5ce6b8fce3128962d607bac0b9b11,arw,20636672,2025-11-17T13:58:14+0000,2025-11-22T17:21:12+0000,184,
208,DSC01701,2a0c6bca8674bb60a26ef17eeba5c51bd9bb32acc02d06438f1b0146b65f9792,arw,21046272,2025-11-18T11:44:34+0000,2025-11-22T17:23:06+0000,206,
209,DSC01702,17148753be2fe695c9a6457cd309278874da2dfc093b63985d59ac0d47bd20dc,arw,20997120,2025-11-18T11:44:37+0000,2025-11-22T17:23:06+0000,206,
210,DSC01703,0da20f3ce3ed358837de1d82fbed594892341fc5f40cd4a6c5fe904402880180,arw,21066752,2025-11-18T11:44:39+0000,2025-11-22T17:23:06+0000,206,
211,DSC01704,771f3357dc7b64f1adf71b00ee56f8674dfd5b912b936645806e0c63cdb2e77f,arw,21005312,2025-11-18T02:49:00+0000,2025-11-22T17:23:06+0000,206,
212,DSC01705,318261d206673626b3c1f265455e72e5f3c475a2e43378b548e1c3ff87872657,arw,21132288,2025-11-18T12:12:52+0000,2025-11-22T17:23:06+0000,206,
213,DSC01706,53b84f8401624a45c878220b9b24045134e0e276277ece693cdac91b018fc62b,arw,21054464,2025-11-18T12:12:54+0000,2025-11-22T17:23:06+0000,206,
214,DSC01707,c46ad514a8a0596fec85453b837cb5d91e85368b617e26cffc638487535f5ec4,arw,20726784,2025-11-18T13:13:31+0000,2025-11-22T17:23:06+0000,206,
215,DSC01708,7412565ffcf5b9317ea0bdf64af9520bb8db82cc19d41fec826bf499d0c9ee83,arw,20947968,2025-11-18T13:29:12+0000,2025-11-22T17:23:06+0000,206,
216,DSC01709,08a2476ab03ebb73c08b6f110329a0b4cd99a7af5972d8d5380ded28a6f7ed01,arw,20874240,2025-11-18T13:29:17+0000,2025-11-22T17:23:06+0000,206,
219,DSC01784,fb9bf8d84e803126a64b9d4cd699774ead6d7070f5e2d7132f521781d1683917,arw,20886528,2025-11-21T08:38:09+0000,2025-11-22T17:24:24+0000,217,
220,DSC01785,1156170588812b48b7aa9c1295cce3374bf931e8bb24ef3838bd5337f5b047c6,arw,20919296,2025-11-21T09:31:18+0000,2025-11-22T17:24:24+0000,217,
221,DSC01786,94833ab95a3d533ad4910d754c3371fb9af1138688e2ceb25fca6afffeaaf80e,arw,20993024,2025-11-21T12:41:30+0000,2025-11-22T17:24:24+0000,217,
222,DSC01787,176889e30432c857e1c11047437c3c47d6ec12082c7d3169ea0428e6e633f771,arw,20882432,2025-11-21T12:41:32+0000,2025-11-22T17:24:24+0000,217,
223,DSC01788,0427ecabb63c699b9cf44f89d8e54becef7a3dd151d99a3ac9ad8af8ae209c6c,arw,20722688,2025-11-21T13:59:50+0000,2025-11-22T17:24:24+0000,217,
224,DSC01789,1ecfeba4e68c8509a6fbf15867d33eaec0eecb98d0ab1e3faa382830cb03f685,arw,20919296,2025-11-21T14:10:34+0000,2025-11-22T17:24:24+0000,217,
225,DSC01790,514f50a2443aabd2d938a6c7db5e415fbd4c05bfe72327f7d167d1ac00acf82f,arw,20657152,2025-11-21T15:38:05+0000,2025-11-22T17:24:24+0000,217,
226,DSC01791,3d0d240f32de17e5d226144fe1099d2ba5e2523712523a9bb2cdc114ac6b8f83,arw,20923392,2025-11-21T17:10:49+0000,2025-11-22T17:24:24+0000,217,
227,DSC01792,a9291722f6bfa1c306980118202c3505d4fec96fe9290a74d42afcb2ea8d7e4a,arw,20792320,2025-11-21T17:10:56+0000,2025-11-22T17:24:25+0000,217,
228,DSC01799,5210d981a7af17cd16562e682961033f57cc3ee85b2bd6cd6fb3581838384e16,arw,20706304,2025-11-21T22:34:06+0000,2025-11-22T17:24:25+0000,217,
229,DSC01801,228c2893eaf1be0a2a7b4f0650d01623f32ef18a6adbae47b959d21a3816d8d6,arw,20775936,2025-11-22T02:18:55+0000,2025-11-22T17:24:25+0000,217,
230,DSC01802,ba89fd98ee9a73bd594e03de6a2ac4daa3eb0c3b70a40eaa57565609a43c75d4,arw,20898816,2025-11-22T04:40:35+0000,2025-11-22T17:24:25+0000,217,
233,DSC01736,622a1e2c14875d950dd75c2a049ae70ce55455c04da39bc93f15d8319b375503,arw,20792320,2025-11-19T14:15:55+0000,2025-11-22T17:26:57+0000,231,
234,DSC01737,b8ccb0def245af69ff273d72e9fcff6b51000ca618df394461850be5a7e598dc,arw,20808704,2025-11-19T14:15:56+0000,2025-11-22T17:26:57+0000,231,
235,DSC01738,20bc9bef18e52d77f50519e43291299009b6cc6a9ebfb16a834e4cbf0dd4a97a,arw,21365760,2025-11-19T15:06:36+0000,2025-11-22T17:26:57+0000,231,
236,DSC01739,90eeee0ac9a919191ad583ec7f3f0241de7b44a9f4971007e043e16c23d45a70,arw,21296128,2025-11-19T15:06:43+0000,2025-11-22T17:26:57+0000,231,
237,DSC01740,9a3a2580c162a513ad2d057a51c94ceb2aceda6c12627efdc78a3e1633bd8b00,arw,21308416,2025-11-19T15:07:00+0000,2025-11-22T17:26:57+0000,231,
238,DSC01741,5b457082a6087359d57c8803736306432bb71895658aa13d1de86d8847453d42,arw,20751360,2025-11-19T15:11:07+0000,2025-11-22T17:26:57+0000,231,
239,DSC01742,e9a4c5ee2fa551ccbadb014fb9a80a4cb43f4728b386c053dfb29b5183fd29b4,arw,20726784,2025-11-19T06:11:07+0000,2025-11-22T17:26:57+0000,231,
240,DSC01744,218c2bff86473017b6db36086b3491da02c4bc4e6f552811b7bdfa71771f8588,arw,20771840,2025-11-19T17:52:51+0000,2025-11-22T17:26:57+0000,231,
241,DSC01745,9b02b1c7ce996e0f7d6d7d6f11067856e073a92138c609a9071b5e708252e3ea,arw,20521984,2025-11-19T18:37:09+0000,2025-11-22T17:26:57+0000,231,
242,DSC01746,c91587126a193ca8c53d5afba146af37b2607e2f69fd7309ec769aff82e10348,arw,20534272,2025-11-19T18:37:24+0000,2025-11-22T17:26:57+0000,231,
243,DSC01747,ebf510fba64cb78bc34b6d86af767538ce6fb8aa29728ae99bc8a8a714fabda3,arw,20526080,2025-11-19T18:37:32+0000,2025-11-22T17:26:57+0000,231,
244,DSC01748,49190b9914896bb5314d109233427d0749847391df1180a172ad19abb4fe3f0d,arw,20739072,2025-11-19T18:39:36+0000,2025-11-22T17:26:57+0000,231,
245,DSC01749,cbf8085616c9d5ee0438f5e2108f46123fbaed7c59868bbeafd49775c0e69295,arw,20780032,2025-11-19T18:39:57+0000,2025-11-22T17:26:57+0000,231,
246,DSC01750,0e4cbfd40150789db88caeabd32611c8df960b6a4f179c28714bb086e97db13f,arw,20632576,2025-11-19T18:40:47+0000,2025-11-22T17:26:57+0000,231,
247,DSC01751,3a624272dd8a6f27a04671be241aafd2747fe0cf5bdff3aa85289accff4253af,arw,20579328,2025-11-19T18:41:17+0000,2025-11-22T17:26:57+0000,231,
248,DSC01752,0fea0b1defb60769cfd88b2a26320b75b47280cc897923feda1cc7275cbda8c2,arw,20661248,2025-11-19T18:43:23+0000,2025-11-22T17:26:57+0000,231,
251,DSC01756,ebd6529527ef62a3516f08e027ca0b96fc3ebf4e50684986d6a8bd63c18d9bd9,arw,20681728,2025-11-20T08:46:30+0000,2025-11-22T17:28:52+0000,249,
252,DSC01757,05d09f0b28c463c97e2c3deaf79f9739da05138cd7ae74b84721268344f1b229,arw,20800512,2025-11-20T09:29:59+0000,2025-11-22T17:28:52+0000,249,
253,DSC01758,b8eb0cac9a310267e91de9eb7211acc8364084c9a5272d6360ddcd0a42b42528,arw,20911104,2025-11-20T09:38:10+0000,2025-11-22T17:28:52+0000,249,
254,DSC01759,5c4cf8de3755f8008843acce0d5b176a392f439c0591049c71e5325f11f40a3f,arw,20829184,2025-11-20T09:41:25+0000,2025-11-22T17:28:52+0000,249,
255,DSC01760,46229b70b3977af80044e86129004c5123deed57bbc15db7e6e5c6f59f230781,arw,20829184,2025-11-20T11:37:45+0000,2025-11-22T17:28:52+0000,249,
256,DSC01761,6b63954ffd9ef13f53f4f8503514cdbfed652f0f092caca76b3fce7aee8cdc34,arw,20825088,2025-11-20T11:37:46+0000,2025-11-22T17:28:53+0000,249,
257,DSC01762,7a0c001fa1ac239473b5351d9a794d7dd24101837c596fc3eaffe5f3f50d6690,arw,20767744,2025-11-20T11:37:59+0000,2025-11-22T17:28:53+0000,249,
258,DSC01763,aac8bf65f1606d490cf5e183270b14c778dae1881b85e6a2e2270c50cbde4f21,arw,20898816,2025-11-20T11:39:26+0000,2025-11-22T17:28:53+0000,249,
259,DSC01764,29463fa72c591e3d67896137ec2bc4626122bfe682ea53c9074aa30aabcb1339,arw,20861952,2025-11-20T12:22:38+0000,2025-11-22T17:28:53+0000,249,
260,DSC01765,0b14c0a0a1f4ed83ba1fb327f1deb245bd6870f109de4a07a14598e3446e404c,arw,20849664,2025-11-20T15:40:57+0000,2025-11-22T17:28:53+0000,249,
261,DSC01766,17693107d1d95257d920bd81a64849a8d5ce36c59e0ee75b909cdae5e1fbbfdd,arw,20870144,2025-11-20T16:07:33+0000,2025-11-22T17:28:53+0000,249,
262,DSC01767,f0977bda56dc64f7026e5d66ac036edd3ad1ceae1701a5aeb7f8ddfd7e961359,arw,20952064,2025-11-20T16:07:44+0000,2025-11-22T17:28:53+0000,249,
265,DSC01649,aef5e3426932bb527c2b72efd83bf62be02036b69aef2626572ca960403cf747,arw,21500928,2025-11-16T08:04:19+0000,2025-11-22T17:30:36+0000,263,
266,DSC01650,27a697d6f70c73fe4977f7ac6838c60d891195a284b2fe6a2b8f085f85e8201b,arw,21386240,2025-11-16T08:04:41+0000,2025-11-22T17:30:36+0000,263,
267,DSC01652,dafee4d65ba9e031e022476c56fc19fbfe13cf03f097838c9d05b1f94a1b40d5,arw,21681152,2025-11-16T08:39:11+0000,2025-11-22T17:30:36+0000,263,
268,DSC01653,88a80c79abf6a18f8c08817111c7ebb3acf2033429327596825ceaf0f055e1da,arw,20956160,2025-11-16T09:47:50+0000,2025-11-22T17:30:36+0000,263,
269,DSC01654,f74a93a5145ea64c411f27434eb3533f12e31b6034e97d1be88c167c633d3f83,arw,20931584,2025-11-16T09:48:19+0000,2025-11-22T17:30:36+0000,263,
272,DSC01655,b865ec2ea8edb4d4454aa6c99bf9c9c2292f0654186438c7c6a2297ad983cc94,arw,21103616,2025-11-16T11:26:37+0000,2025-11-22T17:32:03+0000,270,
273,DSC01656,bf1b6c8fccbba221a62ab5e5a0fe9c2984c6501860f72b9434b02baf6b66d895,arw,21083136,2025-11-16T11:26:45+0000,2025-11-22T17:32:03+0000,270,
274,DSC01657,34ee67e7233000a9a5c43bf7465eb0fd3c63a848e77d07b4d36f8348e4888b35,arw,21033984,2025-11-16T11:46:15+0000,2025-11-22T17:32:03+0000,270,
275,DSC01658,56fa817d2f0729d7a8b069721d341addb484b947dcdbfded3a102dc585bb32ba,arw,20640768,2025-11-16T12:15:39+0000,2025-11-22T17:32:03+0000,270,
276,DSC01659,a8c7224b52279889e0d93c5233c7ec593bafe04044ee2654a0e2cb7550562ba8,arw,20833280,2025-11-16T12:15:56+0000,2025-11-22T17:32:03+0000,270,
277,DSC01660,98d8ac52c6f77a24c6a1d97842bb5340292993048106820965573c2ca1de333f,arw,20751360,2025-11-16T12:16:07+0000,2025-11-22T17:32:03+0000,270,
278,DSC01661,2703fb52f71481e4d5b4c85b979087747be9f6f3d2cfcf6edbfd3198570df4eb,arw,20804608,2025-11-16T12:16:34+0000,2025-11-22T17:32:03+0000,270,
279,DSC01662,d90349d57909c965c48d7f8fe5c2a395b67ca9a27c6b6bc1e06f9beb2848967e,arw,20730880,2025-11-16T12:16:43+0000,2025-11-22T17:32:03+0000,270,
280,DSC01639,367b3a0f9684d886fe36937d4717dec6109b2651815ddf89c56adbf58044af11,arw,20546560,2025-11-16T05:00:38+0000,2025-11-22T17:36:12+0000,312,
281,DSC01644,e32dfc79b453af088c57a62129747791f731ace6de708df64a99a6c3ab1994fa,arw,21111808,2025-11-16T06:54:12+0000,2025-11-22T17:36:12+0000,312,
282,DSC01645,d2bc4772c7fe3f6a8f8428ef6d1874afe6861907bce58c0bced3e6399480df8f,arw,21058560,2025-11-16T06:54:18+0000,2025-11-22T17:36:12+0000,312,
283,DSC01646,a79ae84c5f65a5310b0a1f61e373b14c5f2ad40f043055a1de14cba6f6617cf7,arw,21304320,2025-11-16T06:54:37+0000,2025-11-22T17:36:12+0000,312,
284,DSC01647,76ee623eb698ff0bb3a45f3c309eff697209c0be420d27fb7a80cce273d38528,arw,21386240,2025-11-16T06:54:50+0000,2025-11-22T17:36:12+0000,312,
285,DSC01648,216d81a321fe9587e893142f44426f6dd679dc5b7a0a17829ea72317e2d6758b,arw,20640768,2025-11-16T07:06:39+0000,2025-11-22T17:36:12+0000,312,
286,DSC01698,1f7b2cc8314c64c685829e1f574217fc39524c02805d70e75cae9db3d85e042b,arw,20755456,2025-11-18T05:50:33+0000,2025-11-22T17:36:12+0000,312,
287,DSC01699,3c685a795c36d77905a58372b3d55ced31c61164b275d642a89e6cf3dfefbef1,arw,20571136,2025-11-18T05:51:29+0000,2025-11-22T17:36:12+0000,312,
288,DSC01700,ec81787e3d3cc82854901a823214eb4f4061f8b74cb9fe574ae621024b6d27f4,arw,20571136,2025-11-18T05:51:47+0000,2025-11-22T17:36:12+0000,312,
289,DSC01711,d07d2c891123007e4d4a26fa395021ae999aae34505e69b3a32eb7887fba0b4b,arw,20706304,2025-11-18T16:20:34+0000,2025-11-22T17:36:13+0000,312,
290,DSC01712,aeb88aaeae8935952d6cb35e109d405618c0eb1812924329120e16a04e4d6341,arw,20759552,2025-11-18T18:13:25+0000,2025-11-22T17:36:13+0000,312,
291,DSC01713,e7fdfa7040f3031f408720cade07284698319f4ea7c6fd37894b6d002784f316,arw,20845568,2025-11-18T18:34:05+0000,2025-11-22T17:36:13+0000,312,
292,DSC01714,52be08af0f417cd3b4c597d04f0520021675c92bdb48c8275512f55ba934238e,arw,20841472,2025-11-18T18:34:52+0000,2025-11-22T17:36:13+0000,312,
293,DSC01715,797c2d64fdc30da013011ea9fa8064eb8cf92a5328608fcdfbdb506c08e4c1b6,arw,20767744,2025-11-18T19:23:56+0000,2025-11-22T17:36:13+0000,312,
294,DSC01716,2c20d48721e41010d911987c1b71fb1b67feab2d91a75087c62a125585c57863,arw,20788224,2025-11-18T19:24:20+0000,2025-11-22T17:36:13+0000,312,
295,DSC01717,d38de79e51fec45783151417f38935e5c59491f3e97e70c9e427214bcbc90188,arw,20644864,2025-11-18T19:24:49+0000,2025-11-22T17:36:13+0000,312,
296,DSC01723,f6ffcbead7ecbb63fdcb3eb6863521edcf151ad3a668d3efa6496a2fcaecb5ce,arw,20870144,2025-11-19T07:35:55+0000,2025-11-22T17:36:13+0000,312,
297,DSC01724,50c34c8eeb7453bc8dff291c0bd9b2da66a229b46979a30bb4afd4a5c842ec11,arw,21169152,2025-11-19T08:57:05+0000,2025-11-22T17:36:13+0000,312,
298,DSC01725,d6662d15ab0d44565bfc991c3e3fb928bf10c56c8bb887eb7b3b58a385e264ab,arw,21681152,2025-11-19T09:12:32+0000,2025-11-22T17:36:13+0000,312,
299,DSC01730,6c83186f01001925822f876ab4782fd19e7a90641cf42e8d10d6ab8dd7b0828b,arw,20595712,2025-11-19T11:38:37+0000,2025-11-22T17:36:13+0000,312,
300,DSC01731,534e652cc9bf4771226e51a3558966f21f55f259a622d0fd3a835e6b24780d2f,arw,20714496,2025-11-19T11:38:46+0000,2025-11-22T17:36:13+0000,312,
301,DSC01732,737f880d26e1139ee58685881a01a7aac1572fa428583427284880b88e727577,arw,20648960,2025-11-19T11:38:52+0000,2025-11-22T17:36:13+0000,312,
302,DSC01733,cdd5b80425155065b97842e442f84c8cdbc18c5cab41c55b53d685c964f1df5b,arw,21058560,2025-11-19T11:39:32+0000,2025-11-22T17:36:13+0000,312,
303,DSC01734,72a698a2256a11d221f042771d18c93a878c2d2ef428b20355f7e51ae34972f2,arw,20943872,2025-11-19T11:42:06+0000,2025-11-22T17:36:13+0000,312,
304,DSC01735,c14ece42e1cb0a1598ff719761f66d584e99066ba56355f767335fff5b3b0619,arw,20698112,2025-11-19T11:42:54+0000,2025-11-22T17:36:13+0000,312,
305,DSC01753,3957bb631ac58ed41b3a4d2e1d984d6dde8ffb253f63daa2e2504c305e80f5d7,arw,20759552,2025-11-20T07:22:59+0000,2025-11-22T17:36:13+0000,312,
306,DSC01754,3f45fb686e1f49473a5ab7056e32f8e2fd4302a66394ff30acf3ce66ccb43ffe,arw,20759552,2025-11-20T08:09:15+0000,2025-11-22T17:36:13+0000,312,
307,DSC01755,6e9a393066d1a4fb6e57e177f0b9451009a2b48cb7fc0a8ff313e844ce6741b1,arw,20771840,2025-11-20T08:09:40+0000,2025-11-22T17:36:13+0000,312,
308,DSC01771,9ccdde4870e7cda226b4019b942fcb5566b785f6b4bb81c4bba2acb8222d1de0,arw,20669440,2025-11-21T06:08:42+0000,2025-11-22T17:36:13+0000,312,
309,DSC01772,d0d3f61c33cb7f93400348def7cb9f3f069b1f492675597185e64c42537e0d69,arw,20644864,2025-11-21T06:09:04+0000,2025-11-22T17:36:13+0000,312,
310,DSC01773,713b4792030a1d7c92089d276109a9dfeed8cb0a84a507c10b5c2d7313b95368,arw,20706304,2025-11-21T06:09:21+0000,2025-11-22T17:36:13+0000,312,
311,DSC01777,a1605ff8bac89c35922214bb5a2f3b283eb95fe1ce2796ca49ff9a155fdb24f6,arw,20751360,2025-11-21T06:12:34+0000,2025-11-22T17:36:13+0000,312,
316,R1-06851-0006,44e77e3c3e8433ba495f93458dda9f7753f95a00ec81085a51d3a879060cd260,tif,26535900,2025-11-22T23:08:05+0000,2025-11-23T15:52:40+0000,314,
317,R1-06851-000A,8a999ea1660a4735a4b2f3ee6a27cd9d4921e6c60af2d6e19114c20d58159f18,tif,26535900,2025-11-22T23:08:05+0000,2025-11-23T15:52:40+0000,314,
318,R1-06851-000A_0001,e3608e06076c361a129681b90615614f45c1d24ac4fdc7f48eddeb9ae4674d27,tif,26535900,2025-11-22T23:08:05+0000,2025-11-23T15:52:40+0000,314,
319,R1-06851-001A,4db28c519a92ad0ddc426405de635b2b700c60463037e0e0084cb2a9d19dcd02,tif,26535900,2025-11-22T23:08:05+0000,2025-11-23T15:52:40+0000,314,
320,R1-06851-002A,5f1c46c0abf3a41057a9b5dee933c72fc331eabff589f59406cd17bebd82aac5,tif,26535900,2025-11-22T23:08:05+0000,2025-11-23T15:52:40+0000,314,
321,R1-06851-003A,b9f2a209cb70d94bef3217819be16d3931175d4436dec002fa939e6314518c8f,tif,26535900,2025-11-22T23:08:05+0000,2025-11-23T15:52:40+0000,314,
322,R1-06851-004A,8f0cfcb4189367833f62a0025742a7a397483901b2a58e359c18833141ef1bca,tif,26535900,2025-11-22T23:08:05+0000,2025-11-23T15:52:40+0000,314,A picture showing the view from my relative Parastou's house in Vienna. This is the view from the porch and it shows a few apartment buildings and trees.
323,R1-06851-006A,5e5885ee3073519ecfc7925f03fa13b769e8ffdaa9bda8a12090bf1e03964d34,tif,26535900,2025-11-22T23:08:05+0000,2025-11-23T15:52:40+0000,314,A photo of my dad's friend Reza and his wife Maryam and I together at the Vienna Central Hospital where Reza worked. We had just finished eating food at the cafeteria and asked someone to take this picture of us in the cafeteria.
324,R1-06851-007A,1c510b7d4343f3da9da7919d750ca61ac2f18761f9388112d2e2130f33175ee1,tif,26535900,2025-11-22T23:08:05+0000,2025-11-23T15:52:40+0000,314,
325,R1-06851-008A,61254a7108217d7bb7db4382fe12b59028a78697feec52f5c9fdc7baaa80798d,tif,26535900,2025-11-22T23:08:05+0000,2025-11-23T15:52:40+0000,314,This is a photo I took of a street in Austria with my Kodak Funsaver. It was a very beautiful photo of the street. There are a few cars on the road lined up with some apartment buildings in the background. And there's two ladies wearing black clothing in the right side of the image that are on the metro tracks. And that's it.
326,R1-06851-009A,9afae505354bdd3b4957b285aec3c209b5360b9a5b2ed824770c20adb55a3008,tif,26535900,2025-11-22T23:08:05+0000,2025-11-23T15:52:40+0000,314,
327,R1-06851-00XA,8b579974f06d965fa3007d010ebfa4d4964d91d2aa757ff3677388a0b0fac0c7,tif,26535900,2025-11-22T23:08:05+0000,2025-11-23T15:52:40+0000,314,
328,R1-06851-010A,be9342053b07c040598e7241f0d3f3e72d3493b1abbfea0a56dfea2aece56e57,tif,26535900,2025-11-22T23:08:05+0000,2025-11-23T15:52:40+0000,314,"This is a photo of my aunt Leila and her husband Hassan sitting on a couch in their house watching TV. I took this photo right before I left their house during my visit to Graz, Austria."
329,R1-06851-011A,1329615e8748e7fec233f9f172fcd5053d81aec3a48855507c20e493d2aad514,tif,26535900,2025-11-22T23:08:05+0000,2025-11-23T15:52:40+0000,314,This is a photo of my aunt Leila and I standing together. This was taken at the preschool that she works at in Austria when I went to visit her for the first time there. It's taken right behind where the kids were eating their lunch.
330,R1-06851-012A,d858785defd5af6b4364e60bf4a97fe1ab147c4784d27555e83078b4248f6eb2,tif,26535900,2025-11-22T23:08:05+0000,2025-11-23T15:52:40+0000,314,
331,R1-06851-013A,65ba65ac9afcbfd04f1563b101ce4faf6aef0f360ecfbdfaa8afa3038a114148,tif,26535900,2025-11-22T23:08:06+0000,2025-11-23T15:52:40+0000,314,
332,R1-06851-014A,913670f70c3869dd1ca6aebb7a3af0e2046e5a3c64f249efbb54f76df14c267e,tif,26535900,2025-11-22T23:08:06+0000,2025-11-23T15:52:40+0000,314,This is a photo of my family sitting on a bench in Austria during our trip. It shows them sitting on a bench in the middle of the city center. There's a lot of people in the background.
333,R1-06851-015A,1fa66bb840f2bc7ffbccd1d3f67aae55691063d24fd92b67e904d9830b7240d2,tif,26535900,2025-11-22T23:08:06+0000,2025-11-23T15:52:40+0000,314,
334,R1-06851-016A,4fea1f72b9e17e40a494ec2194acd693043f18d5d99a9976f5189720c758e6e1,tif,26535900,2025-11-22T23:08:06+0000,2025-11-23T15:52:40+0000,314,
335,R1-06851-017A,469d8f73c65bc64bf91bec41bc0d326caf2c622d871f0f2f8425f0047f85221e,tif,26535900,2025-11-22T23:08:06+0000,2025-11-23T15:52:40+0000,314,This is a picture of the 680 highway that I took on my Kodak Funsaver camera. It shows the highway as we were driving and it's nearby the place I worked at REI and near the 680 junction with 580. It shows the road and I've taken it by putting the camera outside of the window and taking the photo quickly while my mom was driving.
336,R1-06851-018A,5e5a17b095797a41c2e72ebed2b18f6b63d8008524f22fc39039dd976d4a1a4f,tif,26535900,2025-11-22T23:08:06+0000,2025-11-23T15:52:40+0000,314,
337,R1-06851-019A,bc07b51e4ba0492be1a5636fd1cb18671e66a2a32d1c2e74ba1eccccc55fe39e,tif,26535900,2025-11-22T23:08:06+0000,2025-11-23T15:52:41+0000,314,
338,R1-06851-020A,28c90f8ac84b950dcb7db09086679f49fa49d309b9f708ca774deec0a78c7007,tif,26535900,2025-11-22T23:08:06+0000,2025-11-23T15:52:41+0000,314,
339,R1-06851-021A,af423f5be8ccf68a66e814a01a216148738b19602487d9543d0de7b699f6bf37,tif,26535900,2025-11-22T23:08:06+0000,2025-11-23T15:52:41+0000,314,
340,R1-06851-022A,a4f96bacbc49198568bf9415e7e7acd58e04eeda00e92b3be6d1d853358cd553,tif,26535900,2025-11-22T23:08:06+0000,2025-11-23T15:52:41+0000,314,
341,R1-06851-023A,778755c54b5acc4a2014567a6a55f81ce6f44286d388f8584c535dc4e2b281ea,tif,26535900,2025-11-22T23:08:06+0000,2025-11-23T15:52:41+0000,314,
342,R1-06851-024A,49e50224af8a7015a9420740d55df628f7750d4896982b7fc1df935e98f82eae,tif,26535900,2025-11-22T23:08:06+0000,2025-11-23T15:52:41+0000,314,
343,R1-06851-025A,ded38f8bd631cf7fd2f207ea9ccef2f0e3541c3b6ae22be6e174053b0759713d,tif,26535900,2025-11-22T23:08:06+0000,2025-11-23T15:52:41+0000,314,
351,graz_train_ticket,4c709d210a18b98c9cd5699dc33482bbb43899359111326cf14aaf5dc27090d1,pdf,135205,2025-11-16T17:17:52+0000,2025-11-23T16:55:36+0000,,This is a train ticket for my trip to Graz to visit my Aunt Leyla. It was a ticket I used to get from the Vienna Central Station to the Graz Central Station.
353,parsa_passport_usa,c3a6e1c1a690658ada3570a96033732bf9fcbd4c9ed92162fdd3b1f3462c720d,png,6111462,2025-11-14T17:16:15+0000,2025-11-23T16:56:35+0000,,This is a scan of my United States passport. It shows the front page with my signature and also my picture and information.
355,shiva_passport_usa,c7cae0e6f770911cee09a3a08fa2b70d79e86000237ab9864e022264c539a00e,png,5681981,2025-11-14T17:11:52+0000,2025-11-23T16:57:02+0000,,"This is a picture of the United States passport of my mom, Shiva."
